{
    "pools": [
      {
        "rolls": {
          "min": 5,
          "max": 8
        },
        "entries": [
          {
            "type": "minecraft:item",
            "name": "minecraft:gold_ingot"
          }
        ]
      },
      {
        "rolls": {
          "min": 1,
          "max": 3
        },
        "entries": [
          {
            "type": "minecraft:item",
            "name": "minecraft:gold_block",
            "conditions": [
              {
                "condition": "minecraft:random_chance",
                "chance": 0.3
              }
            ]
          }
        ]
      },
      {
        "rolls": {
          "min": 1,
          "max": 2
        },
        "entries": [
          {
            "type": "minecraft:item",
            "name": "minecraft:enchanted_golden_apple",
            "conditions": [
              {
                "condition": "minecraft:random_chance",
                "chance": 0.3
              }
            ]
          }
        ]
      }
    ]
  }
  